#EventID|Time|Latitude|Longitude|Depth/km|Author|Catalog|Contributor|ContributorID|MagType|Magnitude|MagAuthor|EventLocationName
5159031|2015-09-16 23:38:01|-31.7842|-72.0222|12.5|us|NEIC PDE|us|us20003k89|mb|5.9|us|OFF COAST OF CENTRAL CHILE
5159118|2015-09-17 12:14:34|-32.9149|-71.6064|10.0|us|NEIC PDE|us|us20003kkw|mww|5.9|us|NEAR COAST OF CENTRAL CHILE
8498953|2015-09-17 12:14:35|-32.9100|-71.6000|10.0|gcmt|NEIC PDE||us20150917121435|mwc|5.9|gcmt|NEAR COAST OF CENTRAL CHILE
5159127|2015-09-17 13:32:26|-32.1432|-72.3779|10.0|us|NEIC PDE|us|us20003kl4|mww|5.9|us|OFF COAST OF CENTRAL CHILE
5160855|2015-10-03 06:26:55|-30.3010|-71.5510|38.0|us|NEIC PDE|us|us10003jyt|mww|5.9|us|NEAR COAST OF CENTRAL CHILE
5161102|2015-10-05 16:33:26|-30.3035|-71.5318|34.0|us|NEIC PDE|us|us10003kg9|mww|5.9|us|NEAR COAST OF CENTRAL CHILE
5175068|2016-02-22 06:37:03|-30.4623|-72.0630|10.2|us|NEIC PDE|us|us10004rn7|mwb|5.9|us|OFF COAST OF CENTRAL CHILE
5196427|2016-10-27 20:32:55|-33.7647|-72.5338|14.8|us.gcmt|NEIC PDE|us|us100072gn.gcmt20161027203255|Mwb|5.9|us|OFF COAST OF CENTRAL CHILE
10117557|2017-04-28 15:30:06|-33.2318|-71.9751|22.0|us|NEIC PDE|us|us10008llg|Mww|5.9|us|NEAR COAST OF CENTRAL CHILE
10405878|2017-09-18 13:46:57|-31.8159|-72.0977|17.0|us|NEIC PDE|us|us2000apwd|Mww|5.9|us|OFF COAST OF CENTRAL CHILE
4374988|2014-03-04 10:51:14|-33.6179|-71.9872|17.0|ISC|ISC|ISC|604090622|MW|5.8|GCMT|NEAR COAST OF CENTRAL CHILE
4488976|2014-03-18 21:26:46|-19.9572|-70.7833|7.5|ISC|ISC|ISC|604178139|MW|5.8|GCMT|NEAR COAST OF NORTHERN CHILE
4489282|2014-03-24 11:26:37|-19.8460|-70.7468|9.8|ISC|ISC|ISC|604187975|MW|5.8|GCMT|NEAR COAST OF NORTHERN CHILE
4601186|2014-04-01 23:59:55|-19.5668|-70.3893|10.0|ISC|ISC|ISC|606913293|mb|5.8|NEIC|NEAR COAST OF NORTHERN CHILE
4597716|2014-04-07 13:43:21|-20.1228|-70.8497|10.6|ISC|ISC|ISC|609948471|MW|5.8|GCMT|NEAR COAST OF NORTHERN CHILE
4599224|2014-04-19 20:54:43|-20.0139|-70.9399|14.9|ISC|ISC|ISC|609948759|MW|5.8|GCMT|NEAR COAST OF NORTHERN CHILE
4682086|2014-06-19 09:38:35|-19.9702|-70.8154|5.4|ISC|ISC|ISC|604747267|MW|5.8|GCMT|NEAR COAST OF NORTHERN CHILE
4689297|2014-06-19 19:54:05|-19.8105|-70.8322|14.9|ISC|ISC|ISC|604747577|MW|5.8|GCMT|NEAR COAST OF NORTHERN CHILE
4718021|2014-06-20 20:22:27|-19.7708|-70.9688|14.2|ISC|ISC|ISC|604753712|MW|5.8|GCMT|NEAR COAST OF NORTHERN CHILE
5159043|2015-09-17 01:33:02|-31.7363|-72.0265|9.3|us|NEIC PDE|us|us20003kc5|mwr|5.8|us|OFF COAST OF CENTRAL CHILE
8500540|2015-09-19 09:07:09|-31.1000|-71.5900|28.0|gcmt|NEIC PDE||us20150919090709|mwc|5.8|gcmt|NEAR COAST OF CENTRAL CHILE
5165883|2015-11-21 23:05:30|-30.5754|-71.7676|27.0|us|NEIC PDE|us|us10004077|mww|5.8|us|NEAR COAST OF CENTRAL CHILE
5168759|2015-12-19 19:25:05|-30.6053|-71.3057|48.3|us|NEIC PDE|us|us100048du|mww|5.8|us|NEAR COAST OF CENTRAL CHILE
5184588|2016-06-05 05:51:11|-29.3424|-71.8594|28.0|us.gcmt|NEIC PDE|us|us20006257.gcmt20160605055109|Mww|5.8|us|NEAR COAST OF CENTRAL CHILE
5188291|2016-07-19 05:18:40|-30.2523|-71.9722|8.0|us.gcmt|NEIC PDE||us20006fpn.gcmt20160719051840|mww|5.8|us.gcmt|NEAR COAST OF CENTRAL CHILE
10117565|2017-04-28 16:05:57|-33.1309|-71.7869|28.0|us|NEIC PDE|us|us10008lm3|Mww|5.8|us|NEAR COAST OF CENTRAL CHILE
10391721|2017-08-12 12:54:13|-30.2422|-72.1616|9.0|us|NEIC PDE|us|us2000a7kk|Mww|5.8|us|OFF COAST OF CENTRAL CHILE
11330978|2020-10-28 14:53:10|-29.3296|-71.2140|43.8|us.pt|NEIC PDE|us|pt20302003.us7000c6u9|Mww|5.8|us|NEAR COAST OF CENTRAL CHILE
4371030|2014-01-04 00:11:50|-20.6745|-70.6427|25.6|ISC|ISC|ISC|603918274|MW|5.7|GCMT|NEAR COAST OF NORTHERN CHILE
4371211|2014-01-08 04:22:11|-20.7608|-70.6205|28.3|ISC|ISC|ISC|603941599|MW|5.7|GCMT|NEAR COAST OF NORTHERN CHILE
4489284|2014-03-24 11:40:43|-19.8491|-70.8330|18.9|ISC|ISC|ISC|604187977|MW|5.7|GCMT|NEAR COAST OF NORTHERN CHILE
4489292|2014-03-24 15:45:30|-19.5490|-70.7159|12.7|ISC|ISC|ISC|604273280|MW|5.7|GCMT|NEAR COAST OF NORTHERN CHILE
4597326|2014-04-02 00:03:12|-19.8121|-70.8543|14.6|ISC|ISC|ISC|604425671|mb|5.7|NEIC|NEAR COAST OF NORTHERN CHILE
4597356|2014-04-02 04:46:19|-20.0810|-70.7261|16.1|ISC|ISC|ISC|609948249|mb|5.7|NEIC|NEAR COAST OF NORTHERN CHILE
5156415|2015-08-23 23:10:04|-29.7138|-71.3409|34.7|ISC|ISC|ISC|607677064|MW|5.7|GCMT|NEAR COAST OF CENTRAL CHILE
8499110|2015-09-16 23:09:26|-31.5743|-71.6717|35.0|us|NEIC PDE|us|us10003itv|mb|5.7|us|NEAR COAST OF CENTRAL CHILE
5159408|2015-09-16 23:23:25|-31.1674|-71.7720|32.1|us|NEIC PDE|us|us20003m3n|mb|5.7|us|NEAR COAST OF CENTRAL CHILE
5159061|2015-09-17 04:02:10|-31.2244|-71.9260|16.0|guc|NEIC PDE|us|us20003kft|mwr|5.7|guc|NEAR COAST OF CENTRAL CHILE
5159128|2015-09-17 14:19:15|-30.9102|-71.9829|10.0|guc|NEIC PDE|us|us20003kld|mwr|5.7|guc|NEAR COAST OF CENTRAL CHILE
5159326|2015-09-19 09:07:09|-31.0999|-71.5902|28.0|us|NEIC PDE|us|us20003lsq|mww|5.7|us|NEAR COAST OF CENTRAL CHILE
8499908|2015-09-21 19:56:08|-31.7800|-71.6400|28.4|gcmt|NEIC PDE||us20150921195608|mwc|5.7|gcmt|NEAR COAST OF CENTRAL CHILE
5164455|2015-11-07 10:53:44|-30.7227|-71.3904|42.0|us|NEIC PDE|us|us10003vij|mww|5.7|us|NEAR COAST OF CENTRAL CHILE
5170511|2016-01-08 01:12:01|-30.6635|-71.6407|24.2|us|NEIC PDE|us|us10004c96|mww|5.7|us|NEAR COAST OF CENTRAL CHILE
10202621|2017-06-12 02:43:26|-31.5027|-71.7476|27.0|us|NEIC PDE|us|us20009lwp|Mww|5.7|us|NEAR COAST OF CENTRAL CHILE
11012422|2019-03-07 15:34:28|-29.4648|-72.6945|17.0|us|NEIC PDE|us|us1000jbws|Mww|5.7|us|OFF COAST OF CENTRAL CHILE
11303733|2020-09-01 07:01:26|-27.9742|-71.4230|20.6|pt.us|NEIC PDE|us|us7000bfmj.pt20245002|mww|5.7|us|NEAR COAST OF NORTHERN CHILE
11303788|2020-09-01 10:31:52|-27.8702|-71.4003|22.0|us|NEIC PDE|us|us7000bfq3|Mww|5.7|us|NEAR COAST OF NORTHERN CHILE
11327993|2020-10-21 09:13:06|-25.5231|-70.9323|20.0|us|NEIC PDE|us|us6000caj9|Mww|5.7|us|NEAR COAST OF NORTHERN CHILE
4489189|2014-03-22 13:29:59|-19.6907|-70.8915|17.1|ISC|ISC|ISC|604187020|MW|5.6|GCMT|NEAR COAST OF NORTHERN CHILE
4601188|2014-04-02 00:04:51|-19.5835|-70.6854|16.3|ISC|ISC|ISC|604425672|mb|5.6|NEIC|NEAR COAST OF NORTHERN CHILE
4597332|2014-04-02 00:06:44|-19.7553|-70.8965|15.2|ISC|ISC|ISC|604648158|mb|5.6|NEIC|NEAR COAST OF NORTHERN CHILE
4601454|2014-04-03 05:28:50|-20.8292|-70.5768|11.2|ISC|ISC|ISC|610240582|mb|5.6|ISC|NEAR COAST OF NORTHERN CHILE
4597582|2014-04-05 02:22:39|-32.7121|-71.3896|40.1|ISC|ISC|ISC|604440644|MW|5.6|GCMT|NEAR COAST OF CENTRAL CHILE
4597769|2014-04-08 10:14:31|-20.5463|-70.8640|4.8|ISC|ISC|ISC|604447942|MW|5.6|GCMT|NEAR COAST OF NORTHERN CHILE
4640354|2014-05-30 15:32:27|-21.2878|-69.9976|57.6|ISC|ISC|ISC|604663003|MW|5.6|GCMT|NORTHERN CHILE
4724840|2014-07-13 20:54:14|-20.2585|-70.3475|33.1|NEIC|ISC|ISC|610571173|MW|5.6|GCMT|NEAR COAST OF NORTHERN CHILE
5160474|2015-09-16 23:09:06|-31.1055|-71.4050|37.8|us|NEIC PDE|us|us20003kdq|mb|5.6|us|NEAR COAST OF CENTRAL CHILE
5159241|2015-09-18 08:18:17|-32.2292|-72.3678|6.0|us|NEIC PDE|us|us20003l55|mww|5.6|us|OFF COAST OF CENTRAL CHILE
5159346|2015-09-19 13:08:57|-30.5256|-72.1984|10.0||NEIC PDE|us|us20003lv1|mww|5.6|us|OFF COAST OF CENTRAL CHILE
8500485|2015-09-19 13:08:57|-30.5300|-72.2000|10.0|gcmt|NEIC PDE||us20150919130857|mwc|5.6|gcmt|OFF COAST OF CENTRAL CHILE
5159556|2015-09-21 19:56:08|-31.7819|-71.6407|28.4|us|NEIC PDE|us|us20003mjn|mww|5.6|us|NEAR COAST OF CENTRAL CHILE
5161716|2015-10-12 03:15:19|-31.1849|-71.8227|21.0||NEIC PDE|us|us10003mxa|mww|5.6|us|NEAR COAST OF CENTRAL CHILE
5166505|2015-11-28 05:44:40|-30.3688|-72.1510|10.0|us|NEIC PDE|us|us100041ui|mww|5.6|us|OFF COAST OF CENTRAL CHILE
5167526|2015-12-08 12:56:07|-30.8096|-71.7519|25.0|us|NEIC PDE|us|us1000454p|mww|5.6|us|NEAR COAST OF CENTRAL CHILE
10091782|2017-04-23 19:40:10|-33.0089|-72.1138|20.0|us|NEIC PDE|us|us10008k2i|Mww|5.6|us|OFF COAST OF CENTRAL CHILE
10724459|2018-04-05 11:12:10|-20.3819|-70.6056|34.9|us|NEIC PDE|us|us2000dux6|Mww|5.6|us|NEAR COAST OF NORTHERN CHILE
11000968|2019-01-30 07:44:45|-25.8985|-70.6676|51.0|us|NEIC PDE|us|us1000iryd|Mww|5.6|us|NEAR COAST OF NORTHERN CHILE
11023235|2019-04-07 10:52:41|-33.7588|-72.5153|10.0|us|NEIC PDE|us|us2000kbs5|Mww|5.6|us|OFF COAST OF CENTRAL CHILE
11027159|2019-04-18 04:06:34|-29.3648|-71.5891|54.0|us|NEIC PDE|us|us700038b8|Mww|5.6|us|NEAR COAST OF CENTRAL CHILE
4597430|2014-04-03 02:56:04|-20.7144|-70.5845|4.0|ISC|ISC|ISC|604399522|mb|5.5|NEIC|NEAR COAST OF NORTHERN CHILE
4597445|2014-04-03 05:51:43|-20.7401|-70.4115|21.3|ISC|ISC|ISC|609948332|mb|5.5|NEIC|NEAR COAST OF NORTHERN CHILE
4638994|2014-05-17 09:11:06|-19.9437|-70.8292|10.8|ISC|ISC|ISC|604633730|MW|5.5|GCMT|NEAR COAST OF NORTHERN CHILE
4717512|2014-06-20 19:53:32|-19.7514|-70.9218|19.4|ISC|ISC|ISC|604753709|MW|5.5|GCMT|NEAR COAST OF NORTHERN CHILE
5155242|2015-08-12 00:14:39|-31.7023|-71.5391|30.4|ISC|ISC|ISC|607649017|MW|5.5|GCMT|NEAR COAST OF CENTRAL CHILE
5161453|2015-09-16 23:28:23|-30.7179|-71.8037|20.7|us|NEIC PDE|us|us10003it9|mb|5.5|us|NEAR COAST OF CENTRAL CHILE
5159051|2015-09-17 02:59:29|-30.9669|-71.5398|35.0|guc|NEIC PDE|us|us20003ke3|mwr|5.5|guc|NEAR COAST OF CENTRAL CHILE
5159065|2015-09-17 04:26:38|-31.4167|-71.9800|17.6|us|NEIC PDE|us|us20003kgi|mwr|5.5|us|NEAR COAST OF CENTRAL CHILE
5159080|2015-09-17 05:44:39|-31.8011|-72.1309|10.0|us|NEIC PDE|us|us20003khn|mwr|5.5|us|OFF COAST OF CENTRAL CHILE
5159154|2015-09-17 20:40:31|-29.9614|-71.8851|5.7|guc|NEIC PDE|us|us20003kwk|mwr|5.5|guc|NEAR COAST OF CENTRAL CHILE
8498748|2015-09-18 08:18:17|-32.2300|-72.3700|6.0|gcmt|NEIC PDE||us20150918081817|mwc|5.5|gcmt|OFF COAST OF CENTRAL CHILE
5159549|2015-09-21 18:36:53|-31.0458|-71.8200|27.0|us|NEIC PDE|us|us20003mis|mww|5.5|us|NEAR COAST OF CENTRAL CHILE
5160937|2015-10-04 03:49:49|-30.3105|-72.1018|5.9|us|NEIC PDE|us|us10003k53|mww|5.5|us|OFF COAST OF CENTRAL CHILE
5161496|2015-10-09 18:27:36|-31.7323|-71.7325|35.0|us|NEIC PDE|us|us10003mjs|mww|5.5|us|NEAR COAST OF CENTRAL CHILE
5167396|2015-12-07 07:51:11|-31.3985|-71.2624|49.5|guc|NEIC PDE|us|us100044k5|mwr|5.5|guc|NEAR COAST OF CENTRAL CHILE
5184671|2016-06-06 13:16:02|-30.0433|-71.4636|28.3|us|NEIC PDE|us|us200062bu|Mww|5.5|us|NEAR COAST OF CENTRAL CHILE
10562691|2017-12-11 19:00:56|-19.7080|-71.0602|10.0|us|NEIC PDE|us|us2000c2xt|Mww|5.5|us|OFF COAST OF NORTHERN CHILE
10598859|2017-12-28 03:54:51|-24.8866|-70.2184|46.7|us|NEIC PDE|us|us1000bwzn|Mww|5.5|us|NEAR COAST OF NORTHERN CHILE
10980627|2018-12-05 17:12:13|-33.6725|-71.6541|37.5|us|NEIC PDE|us|us1000i2xc|mb|5.5|us|NEAR COAST OF CENTRAL CHILE
11010659|2019-03-02 20:21:52|-33.6774|-72.5954|10.4|us|NEIC PDE|us|us1000j9yt|Mww|5.5|us|OFF COAST OF CENTRAL CHILE
11030576|2019-04-26 06:22:34|-25.8987|-71.0119|29.0|us|NEIC PDE|us|us70003cb3|Mww|5.5|us|OFF COAST OF NORTHERN CHILE
11176791|2020-01-28 18:16:44|-30.2403|-72.3456|7.5|us|NEIC PDE|us|us60007ibj|Mww|5.5|us|OFF COAST OF CENTRAL CHILE
11303714|2020-09-01 05:29:38|-27.9671|-71.3367|16.3|us|NEIC PDE|us|us7000bfld|Mww|5.5|us|NEAR COAST OF NORTHERN CHILE
11341116|2020-11-21 02:11:48|-30.9170|-71.4498|51.0|us|NEIC PDE|us|us6000cr45|Mww|5.5|us|NEAR COAST OF CENTRAL CHILE
4389769|2014-03-06 04:37:05|-33.3160|-71.2857|58.7|ISC|ISC|ISC|604400591|MW|5.4|GCMT|NEAR COAST OF CENTRAL CHILE
4597325|2014-04-02 00:33:46|-20.1784|-70.6988|15.4|ISC|ISC|ISC|606913317|mb|5.4|NEIC|NEAR COAST OF NORTHERN CHILE
4597334|2014-04-02 00:37:49|-19.9835|-70.6182|20.3|ISC|ISC|ISC|604395805|mb|5.4|NEIC|NEAR COAST OF NORTHERN CHILE
4597376|2014-04-02 11:07:33|-19.9773|-70.9656|27.3|ISC|ISC|ISC|609948279|Mww|5.4|NEIC|NEAR COAST OF NORTHERN CHILE
8354088|2014-04-03 03:11:16|-20.6275|-70.6351|19.8|ISC|ISC|ISC|604399523|mb|5.4|NEIC|NEAR COAST OF NORTHERN CHILE
4597457|2014-04-03 09:23:20|-20.5528|-70.6840|9.2|ISC|ISC|ISC|604400914|Mww|5.4|NEIC|NEAR COAST OF NORTHERN CHILE
4597717|2014-04-07 13:47:33|-20.1093|-70.8372|12.1|ISC|ISC|ISC|604446878|mb|5.4|NEIC|NEAR COAST OF NORTHERN CHILE
4598591|2014-04-13 12:11:29|-20.5686|-70.7175|7.6|ISC|ISC|ISC|604453082|MW|5.4|GCMT|NEAR COAST OF NORTHERN CHILE
4601019|2014-05-05 11:21:19|-20.1966|-70.7300|23.6|ISC|ISC|ISC|604514203|MW|5.4|GCMT|NEAR COAST OF NORTHERN CHILE
4816552|2014-11-29 14:18:09|-19.9752|-70.9843|15.4|ISC|ISC|ISC|610574193|MW|5.4|GCMT|NEAR COAST OF NORTHERN CHILE
5109111|2015-04-01 08:17:25|-29.3551|-71.8300|20.8|ISC|ISC|ISC|606962367|MW|5.4|GCMT|NEAR COAST OF CENTRAL CHILE
5159064|2015-09-17 04:18:31|-30.8919|-71.3860|35.0|us|NEIC PDE|us|us20003kgj|mb|5.4|us|NEAR COAST OF CENTRAL CHILE
5159322|2015-09-19 08:31:24|-30.1004|-72.2316|8.0|us|NEIC PDE|us|us20003ls4|mww|5.4|us|OFF COAST OF CENTRAL CHILE
5159543|2015-09-21 15:37:08|-31.0239|-71.7936|25.6|us|NEIC PDE|us|us20003mgp|mww|5.4|us|NEAR COAST OF CENTRAL CHILE
5160254|2015-09-27 21:04:45|-31.6690|-71.7010|36.9|guc|NEIC PDE|guc|us20003pjl|mwr|5.4|guc|NEAR COAST OF CENTRAL CHILE
5164358|2015-11-06 08:44:07|-30.1424|-72.2616|8.5|us|NEIC PDE|us|us10003v5a|mww|5.4|us|OFF COAST OF CENTRAL CHILE
5182454|2016-05-11 13:11:34|-30.6630|-71.7475|24.7|us|NEIC PDE|us|us10005gih|Mww|5.4|us|NEAR COAST OF CENTRAL CHILE
5184673|2016-06-06 13:21:59|-30.0690|-71.5238|29.5|us.gcmt|NEIC PDE|us|us200062by.gcmt20160606132158|Mww|5.4|us|NEAR COAST OF CENTRAL CHILE
10001366|2017-02-16 07:02:05|-30.1677|-72.1093|9.8|us|NEIC PDE|us|us20008k59|Mww|5.4|us|OFF COAST OF CENTRAL CHILE
10049536|2017-04-13 03:42:52|-31.0039|-71.5530|37.9|us|NEIC PDE|us|us10008h52|Mww|5.4|us|NEAR COAST OF CENTRAL CHILE
10100477|2017-04-24 21:46:24|-32.9309|-71.9844|13.2|us|NEIC PDE|us|us10008kcr|mb|5.4|us|NEAR COAST OF CENTRAL CHILE
10117563|2017-04-28 15:58:34|-33.2348|-72.0328|23.2|us|NEIC PDE|us|us10008lm1|Mww|5.4|us|OFF COAST OF CENTRAL CHILE
10950802|2018-09-22 13:13:58|-25.8955|-71.0310|29.0|us|NEIC PDE|us|us2000hin5|Mww|5.4|us|OFF COAST OF NORTHERN CHILE
10950985|2018-09-23 05:32:11|-24.3503|-70.0323|59.3|us|NEIC PDE|us|us2000hivv|Mww|5.4|us|NEAR COAST OF NORTHERN CHILE
10977536|2018-12-01 23:55:24|-33.9153|-72.4004|10.0|us|NEIC PDE|us|us1000i02j|Mww|5.4|us|OFF COAST OF CENTRAL CHILE
11019536|2019-03-28 15:05:31|-24.5980|-70.1015|45.5|us|NEIC PDE|us|us2000k6jm|Mww|5.4|us|NEAR COAST OF NORTHERN CHILE
11090368|2019-08-02 00:55:16|-34.1794|-72.1980|14.0|us|NEIC PDE|us|us60004z17|Mww|5.4|us|NEAR COAST OF CENTRAL CHILE
11122742|2019-09-26 20:31:28|-29.8648|-71.3217|25.1|us|NEIC PDE|us|us70005lzd|Mww|5.4|us|NEAR COAST OF CENTRAL CHILE
11153228|2019-12-03 07:29:30|-20.9328|-70.7718|10.0|us|NEIC PDE|us|us70006fh0|Mww|5.4|us|NEAR COAST OF NORTHERN CHILE
4489256|2014-03-23 20:23:04|-19.8505|-70.8333|23.1|ISC|ISC|ISC|604187251|MW|5.3|GCMT|NEAR COAST OF NORTHERN CHILE
4489283|2014-03-24 11:32:15|-19.7800|-70.7913|23.5|ISC|ISC|ISC|604187976|MW|5.3|GCMT|NEAR COAST OF NORTHERN CHILE
4489326|2014-03-25 00:15:14|-19.7520|-70.8051|25.2|ISC|ISC|ISC|604361304|MW|5.3|GCMT|NEAR COAST OF NORTHERN CHILE
4601195|2014-04-02 00:14:21|-19.9073|-71.0175|10.0|ISC|ISC|ISC|606913305|mb|5.3|NEIC|OFF COAST OF NORTHERN CHILE
4597404|2014-04-02 19:45:49|-20.4233|-70.5701|17.0|ISC|ISC|ISC|609948307|MW|5.3|GCMT|NEAR COAST OF NORTHERN CHILE
4597473|2014-04-03 15:08:07|-20.5131|-70.9012|8.1|ISC|ISC|ISC|604401108|mb|5.3|NEIC|NEAR COAST OF NORTHERN CHILE
4597593|2014-04-05 05:44:57|-20.1483|-70.5042|38.8|ISC|ISC|ISC|604440652|MW|5.3|GCMT|NEAR COAST OF NORTHERN CHILE
4597666|2014-04-06 14:06:09|-20.4285|-70.9588|19.7|ISC|ISC|ISC|604441572|MW|5.3|GCMT|NEAR COAST OF NORTHERN CHILE
4603165|2014-04-10 13:35:07|-26.8485|-71.4927|15.0|ISC|ISC|ISC|606913936|mb|5.3|NEIC|OFF COAST OF NORTHERN CHILE
4598652|2014-04-14 05:56:20|-20.7282|-70.6712|29.5|ISC|ISC|ISC|609948647|MW|5.3|GCMT|NEAR COAST OF NORTHERN CHILE
4598798|2014-04-15 16:09:35|-20.1691|-70.7666|19.6|ISC|ISC|ISC|609948678|MW|5.3|GCMT|NEAR COAST OF NORTHERN CHILE
4599652|2014-04-21 13:39:04|-19.7057|-70.9495|9.5|ISC|ISC|ISC|604466094|MW|5.3|GCMT|NEAR COAST OF NORTHERN CHILE
4638650|2014-05-14 05:51:50|-19.6859|-70.9573|27.1|ISC|ISC|ISC|610145713|MW|5.3|GCMT|NEAR COAST OF NORTHERN CHILE
4689491|2014-06-19 19:59:45|-19.8404|-70.8539|37.2|ISC|ISC|ISC|604747578|MW|5.3|GCMT|NEAR COAST OF NORTHERN CHILE
4766510|2014-08-14 00:02:54|-19.8580|-69.8580|44.0|MOS|ISC|ISC|610571848|MW|5.3|GCMT|NORTHERN CHILE
5004134|2015-02-02 15:22:08|-22.3308|-70.8603|14.1|ISC|ISC|ISC|606636041|MW|5.3|GCMT|NEAR COAST OF NORTHERN CHILE
5007254|2015-03-02 16:53:45|-27.8455|-71.1031|31.1|ISC|ISC|ISC|606760430|MW|5.3|GCMT|NEAR COAST OF NORTHERN CHILE
5114617|2015-05-22 19:39:34|-20.1552|-70.7057|19.7|ISC|ISC|ISC|610634746|MW|5.3|GCMT|NEAR COAST OF NORTHERN CHILE
5153567|2015-07-24 23:14:38|-20.2752|-70.2540|34.5|ISC|ISC|ISC|607506869|MW|5.3|GCMT|NEAR COAST OF NORTHERN CHILE
5162720|2015-09-16 23:31:49|-29.9883|-71.7953|35.0|us|NEIC PDE|us|us10003itb|mb|5.3|us|NEAR COAST OF CENTRAL CHILE
5160482|2015-09-16 23:36:29|-31.7893|-72.2389|11.3|us|NEIC PDE|us|us10003ita|mb|5.3|us|OFF COAST OF CENTRAL CHILE
5162610|2015-09-16 23:41:31|-30.4817|-72.1229|16.2|us|NEIC PDE|us|us10003iu7|mb|5.3|us|OFF COAST OF CENTRAL CHILE
5159119|2015-09-17 12:09:43|-32.1351|-72.2117|7.1|us|NEIC PDE|us|us20003kkt|mwr|5.3|us|OFF COAST OF CENTRAL CHILE
5159135|2015-09-17 16:08:35|-30.8916|-71.4020|35.0|guc|NEIC PDE|us|us20003klt|mwr|5.3|guc|NEAR COAST OF CENTRAL CHILE
5159139|2015-09-17 16:52:17|-29.7643|-72.0860|10.0|guc|NEIC PDE|us|us20003kmd|mwr|5.3|guc|OFF COAST OF CENTRAL CHILE
5177328|2016-03-16 03:49:32|-31.2410|-71.7314|25.4|us|NEIC PDE||us20005a3a|mww|5.3|us|NEAR COAST OF CENTRAL CHILE
5178954|2016-04-04 12:32:45|-31.2367|-71.7700|24.4|us|NEIC PDE|us|us20005eg7|Mww|5.3|us|NEAR COAST OF CENTRAL CHILE
5179195|2016-04-06 17:35:38|-31.4832|-71.7832|29.7|us|NEIC PDE|us|us20005fvy|Mww|5.3|us|NEAR COAST OF CENTRAL CHILE
5180106|2016-04-16 06:05:22|-26.4613|-69.8601|59.3|us|NEIC PDE|us|us20005iy5|Mww|5.3|us|NORTHERN CHILE
10117605|2017-04-28 17:41:49|-33.3021|-71.9527|20.9|us|NEIC PDE|us|us10008lnm|Mww|5.3|us|NEAR COAST OF CENTRAL CHILE
10275548|2017-07-14 12:00:29|-33.7495|-72.5524|10.0|us|NEIC PDE|us|us20009wav|Mww|5.3|us|OFF COAST OF CENTRAL CHILE
10278331|2017-07-22 06:29:50|-21.1864|-69.2466|47.1|us|NEIC PDE|us|us20009zmz|Mww|5.3|us|NORTHERN CHILE
10387228|2017-08-02 20:03:29|-28.4912|-71.2360|41.1|us|NEIC PDE|us|us10009j01|Mww|5.3|us|NEAR COAST OF CENTRAL CHILE
11008723|2019-02-25 15:28:42|-29.7751|-71.8130|10.0|us|NEIC PDE|us|us2000jmvn|Mww|5.3|us|NEAR COAST OF CENTRAL CHILE
11183090|2020-02-11 13:50:02|-24.7868|-70.8845|36.2|us|NEIC PDE|us|us70007n2x|Mww|5.3|us|NEAR COAST OF NORTHERN CHILE
11329891|2020-10-25 21:17:14|-20.0028|-70.9648|10.0|us|NEIC PDE|us|us6000cd2g|Mww|5.3|us|NEAR COAST OF NORTHERN CHILE
4371107|2014-01-06 03:59:02|-20.7181|-70.6375|26.8|ISC|ISC|ISC|603928648|MW|5.2|GCMT|NEAR COAST OF NORTHERN CHILE
4374943|2014-03-03 03:17:45|-33.1224|-72.0788|13.1|ISC|ISC|ISC|604087265|MW|5.2|GCMT|OFF COAST OF CENTRAL CHILE
4598277|2014-03-04 10:56:31|-33.6732|-72.0825|7.8|ISC|ISC|ISC|606979244|mb|5.2|ISC|OFF COAST OF CENTRAL CHILE
4488888|2014-03-17 01:34:54|-19.9626|-70.9029|6.6|ISC|ISC|ISC|604162243|MW|5.2|GCMT|NEAR COAST OF NORTHERN CHILE
4489188|2014-03-22 13:14:55|-19.8099|-70.8687|4.6|ISC|ISC|ISC|606912786|Mww|5.2|NEIC|NEAR COAST OF NORTHERN CHILE
4489257|2014-03-23 22:04:26|-19.8027|-70.7900|19.7|ISC|ISC|ISC|609849569|MW|5.2|GCMT|NEAR COAST OF NORTHERN CHILE
4597328|2014-04-02 00:24:45|-19.9187|-70.7379|10.0|ISC|ISC|ISC|606913311|mb|5.2|NEIC|NEAR COAST OF NORTHERN CHILE
4597331|2014-04-02 01:20:59|-19.5963|-70.9299|21.5|ISC|ISC|ISC|604395808|mb|5.2|NEIC|NEAR COAST OF NORTHERN CHILE
4597349|2014-04-02 03:40:16|-19.8654|-70.9359|15.7|ISC|ISC|ISC|604395821|mb|5.2|NEIC|NEAR COAST OF NORTHERN CHILE
4597359|2014-04-02 05:02:51|-19.7202|-70.9989|5.6|ISC|ISC|ISC|604395828|mb|5.2|NEIC|NEAR COAST OF NORTHERN CHILE
4597365|2014-04-02 06:29:16|-20.1250|-70.8427|14.9|ISC|ISC|ISC|609948263|mb|5.2|NEIC|NEAR COAST OF NORTHERN CHILE
4597422|2014-04-03 00:01:16|-19.7525|-71.0990|9.1|ISC|ISC|ISC|604399082|MW|5.2|GCMT|OFF COAST OF NORTHERN CHILE
4597439|2014-04-03 04:17:57|-20.5957|-70.7208|17.5|ISC|ISC|ISC|604399526|mb|5.2|NEIC|NEAR COAST OF NORTHERN CHILE
4597471|2014-04-03 14:34:05|-20.5386|-70.8762|5.6|ISC|ISC|ISC|604401106|mb|5.2|NEIC|NEAR COAST OF NORTHERN CHILE
4597534|2014-04-04 09:38:57|-20.0452|-71.0010|25.1|ISC|ISC|ISC|604425840|MW|5.2|GCMT|OFF COAST OF NORTHERN CHILE
4597823|2014-04-09 11:14:46|-20.5739|-70.7540|23.9|ISC|ISC|ISC|609948527|MW|5.2|GCMT|NEAR COAST OF NORTHERN CHILE
4599984|2014-04-24 10:26:49|-19.9377|-71.0448|31.4|ISC|ISC|ISC|609948855|MW|5.2|GCMT|OFF COAST OF NORTHERN CHILE
4600585|2014-04-30 18:00:55|-32.7060|-71.6900|23.9|ISC|ISC|ISC|604502458|MW|5.2|GCMT|NEAR COAST OF CENTRAL CHILE
4765919|2014-08-08 04:10:13|-33.6293|-72.0586|0.0|IDC|ISC|ISC|605140411|MW|5.2|GCMT|OFF COAST OF CENTRAL CHILE
4810749|2014-10-07 12:33:22|-20.0285|-71.0210|9.0|ISC|ISC|ISC|610572940|MW|5.2|GCMT|OFF COAST OF NORTHERN CHILE
4812387|2014-10-23 23:38:51|-33.9945|-72.3756|15.5|ISC|ISC|ISC|605604325|MW|5.2|GCMT|OFF COAST OF CENTRAL CHILE
4817868|2014-12-12 12:35:30|-19.9172|-70.9295|20.0|NEIC|ISC|ISC|610574520|MW|5.2|GCMT|NEAR COAST OF NORTHERN CHILE
4894556|2015-01-18 03:59:56|-32.6763|-71.8951|13.0|ISC|ISC|ISC|606586145|MW|5.2|GCMT|NEAR COAST OF CENTRAL CHILE
5038269|2015-03-05 21:30:32|-29.2452|-71.4245|41.2|ISC|ISC|ISC|606792825|MW|5.2|GCMT|NEAR COAST OF CENTRAL CHILE
5113823|2015-05-14 15:08:01|-28.7003|-71.6143|6.8|ISC|ISC|ISC|607244002|MW|5.2|GCMT|NEAR COAST OF CENTRAL CHILE
5148611|2015-05-29 04:28:16|-28.1825|-70.8354|49.4|ISC|ISC|ISC|610634880|MW|5.2|GCMT|CENTRAL CHILE
5150979|2015-07-16 10:48:05|-29.5167|-71.7789|12.1|ISC|ISC|ISC|610635901|MW|5.2|GCMT|NEAR COAST OF CENTRAL CHILE
5155109|2015-08-10 09:40:07|-29.4783|-71.3108|30.3|ISC|ISC|ISC|607647695|mb|5.2|NEIC|NEAR COAST OF CENTRAL CHILE
5167570|2015-09-16 23:13:12|-30.2269|-71.1970|29.5|us|NEIC PDE|us|us10003iua|mb|5.2|us|NEAR COAST OF CENTRAL CHILE
5161444|2015-09-16 23:32:24|-31.4153|-71.8835|19.5|us|NEIC PDE|us|us10003itw|mb|5.2|us|NEAR COAST OF CENTRAL CHILE
5159036|2015-09-17 00:22:20|-31.7999|-72.1153|10.0|us|NEIC PDE|us|us20003k9n|mb|5.2|us|OFF COAST OF CENTRAL CHILE
5159042|2015-09-17 01:21:48|-31.6698|-71.8533|10.0|guc|NEIC PDE|us|us20003kc6|mwr|5.2|guc|NEAR COAST OF CENTRAL CHILE
5163250|2015-09-17 03:12:42|-30.9220|-71.2640|47.1|guc|NEIC PDE|guc|us20003kec|mwr|5.2|guc|NEAR COAST OF CENTRAL CHILE
5159066|2015-09-17 04:38:08|-31.2586|-71.8954|19.8|us|NEIC PDE|us|us20003kh2|mb|5.2|us|NEAR COAST OF CENTRAL CHILE
5159078|2015-09-17 05:40:57|-31.3875|-71.9551|9.3|us|NEIC PDE|us|us20003khm|mb|5.2|us|NEAR COAST OF CENTRAL CHILE
5159106|2015-09-17 10:31:26|-30.9923|-71.4463|38.2|us|NEIC PDE|us|us20003kk1|mb|5.2|us|NEAR COAST OF CENTRAL CHILE
5159177|2015-09-17 22:39:20|-31.0310|-71.8056|23.2|guc|NEIC PDE|us|us20003l02|mwr|5.2|guc|NEAR COAST OF CENTRAL CHILE
5159260|2015-09-18 13:51:17|-31.4390|-71.8070|30.1|guc|NEIC PDE|guc|us20003l83|mwr|5.2|guc|NEAR COAST OF CENTRAL CHILE
5159933|2015-09-24 16:13:25|-30.7302|-71.3766|41.0|us|NEIC PDE|us|us20003nrd|mww|5.2|us|NEAR COAST OF CENTRAL CHILE
5174762|2016-02-19 05:33:09|-30.5696|-71.5703|30.2|us|NEIC PDE|us|us10004qzj|mb|5.2|us|NEAR COAST OF CENTRAL CHILE
5176015|2016-03-02 09:49:53|-18.6904|-70.7402|33.4|us|NEIC PDE||us10004u0r|mww|5.2|us|NEAR COAST OF NORTHERN CHILE
5180313|2016-04-18 11:38:38|-31.7266|-71.2874|42.0|us.gcmt|NEIC PDE|us|us20005jgy.gcmt20160418113838|Mww|5.2|us|NEAR COAST OF CENTRAL CHILE
5188199|2016-07-18 02:58:50|-30.7537|-71.7935|24.0|us|NEIC PDE||us20006fgd|mwr|5.2|us|NEAR COAST OF CENTRAL CHILE
5196578|2016-10-29 22:01:39|-33.8536|-72.5821|10.0|us|NEIC PDE|us|us100072zy|mww|5.2||OFF COAST OF CENTRAL CHILE
5196609|2016-10-30 04:49:40|-25.1694|-70.4212|49.6|us|NEIC PDE|us|us1000731c|mb|5.2|us|NEAR COAST OF NORTHERN CHILE
9912160|2016-12-08 20:42:37|-31.5700|-71.9100|30.0|us|NEIC PDE|us|us20007zam|Mwr|5.2|us|NEAR COAST OF CENTRAL CHILE
9951680|2017-01-03 13:41:52|-19.9071|-70.4091|43.1|us|NEIC PDE|us|us10007pgc|Mww|5.2|us|NEAR COAST OF NORTHERN CHILE
10039338|2017-03-10 06:22:20|-30.5797|-72.0795|14.1|us|NEIC PDE|us|us1000882x|Mww|5.2|us|OFF COAST OF CENTRAL CHILE
10045902|2017-03-31 18:44:38|-30.7523|-71.5542|31.9|us|NEIC PDE|us|us10008dmt|Mww|5.2|us|NEAR COAST OF CENTRAL CHILE
10100476|2017-04-24 21:46:03|-32.9963|-72.0579|18.0|us|NEIC PDE|us|us10008kcs|mb|5.2|us|OFF COAST OF CENTRAL CHILE
10100530|2017-04-25 01:43:03|-33.1433|-72.0276|21.5|us|NEIC PDE|us|us10008kgt|Mww|5.2|us|OFF COAST OF CENTRAL CHILE
10157240|2017-05-13 16:54:45|-32.9310|-72.0508|10.2|us|NEIC PDE|us|us10008s71|Mww|5.2|us|OFF COAST OF CENTRAL CHILE
10391759|2017-08-12 15:59:28|-20.0299|-71.0418|10.0|us|NEIC PDE|us|us2000a7la|Mww|5.2|us|OFF COAST OF NORTHERN CHILE
10606896|2018-01-20 11:31:14|-28.9219|-71.9104|35.0|us|NEIC PDE|us|us2000clrz|Mww|5.2|us|NEAR COAST OF CENTRAL CHILE
10941083|2018-08-28 04:51:40|-29.6838|-71.3684|39.1|us|NEIC PDE|us|us1000gigb|Mww|5.2|us|NEAR COAST OF CENTRAL CHILE
10969562|2018-11-09 18:54:10|-30.6280|-71.7155|25.8|us|NEIC PDE|us|us1000hpxh|Mww|5.2|us|NEAR COAST OF CENTRAL CHILE
11003118|2019-02-06 17:56:49|-19.8905|-71.0435|13.0|us|NEIC PDE|us|us2000je9g|Mww|5.2|us|OFF COAST OF NORTHERN CHILE
11010434|2019-03-01 22:43:25|-30.5629|-71.6703|13.6|us|NEIC PDE|us|us1000j9nk|Mww|5.2|us|NEAR COAST OF CENTRAL CHILE
11015386|2019-03-16 18:06:15|-29.7737|-71.5788|43.5|us|NEIC PDE|us|us1000jh4d|Mww|5.2|us|NEAR COAST OF CENTRAL CHILE
11044073|2019-06-03 08:42:17|-19.7049|-70.3788|57.8|us|NEIC PDE|us|us70003uny|Mww|5.2|us|NEAR COAST OF NORTHERN CHILE
11140585|2019-11-03 08:06:10|-30.6448|-72.1153|10.0|us|NEIC PDE|us|us700062hv|Mww|5.2|us|OFF COAST OF CENTRAL CHILE
11146125|2019-11-15 17:16:42|-34.0021|-72.2467|13.9|us|NEIC PDE|us|us60006c5a|Mww|5.2|us|NEAR COAST OF CENTRAL CHILE
11225752|2020-05-06 06:36:52|-29.6191|-71.4779|61.9|us|NEIC PDE|us|us70009awg|mb|5.2|us|NEAR COAST OF CENTRAL CHILE
11259503|2020-06-25 11:55:00|-32.2084|-71.8624|10.0|us|NEIC PDE|us|us7000ab22|Mww|5.2|us|NEAR COAST OF CENTRAL CHILE
11295436|2020-08-16 03:18:50|-19.2434|-70.3077|61.0|us|NEIC PDE|us|us6000bff9|Mww|5.2|us|NEAR COAST OF NORTHERN CHILE
11371520|2021-01-30 13:24:59|-19.9628|-70.3413|58.4|us|NEIC PDE|us|us6000dd81|Mww|5.2|us|NEAR COAST OF NORTHERN CHILE
11377298|2021-02-13 18:49:39|-20.4959|-70.6690|13.7|us|NEIC PDE|us|us6000dhgh|Mwr|5.2|guc|NEAR COAST OF NORTHERN CHILE
4488884|2014-03-17 00:12:11|-19.9816|-70.7157|19.3|ISC|ISC|ISC|604162239|mb|5.1|NEIC|NEAR COAST OF NORTHERN CHILE
4599980|2014-03-17 05:21:36|-20.0116|-70.7901|10.0|ISC|ISC|ISC|606912405|mb|5.1|NEIC|NEAR COAST OF NORTHERN CHILE
4488904|2014-03-17 08:32:37|-19.9769|-70.7088|15.4|ISC|ISC|ISC|604162393|MW|5.1|GCMT|NEAR COAST OF NORTHERN CHILE
4488955|2014-03-18 14:35:58|-20.1418|-70.8407|26.1|ISC|ISC|ISC|604173106|MW|5.1|GCMT|NEAR COAST OF NORTHERN CHILE
4488979|2014-03-18 21:33:05|-20.0092|-70.9345|6.3|ISC|ISC|ISC|604178140|mb|5.1|NEIC|NEAR COAST OF NORTHERN CHILE
4489213|2014-03-22 22:14:57|-19.7251|-70.9999|18.6|ISC|ISC|ISC|604187043|MW|5.1|GCMT|NEAR COAST OF NORTHERN CHILE
4489287|2014-03-24 12:32:51|-19.8015|-70.7928|22.5|ISC|ISC|ISC|609849583|MW|5.1|GCMT|NEAR COAST OF NORTHERN CHILE
4489304|2014-03-24 18:43:11|-19.6104|-70.7358|21.9|ISC|ISC|ISC|604273284|MW|5.1|GCMT|NEAR COAST OF NORTHERN CHILE
4640769|2014-04-02 00:11:20|-19.6183|-70.8793|22.0|ISC|ISC|ISC|606913301|mb|5.1|NEIC|NEAR COAST OF NORTHERN CHILE
4601198|2014-04-02 00:18:51|-19.9079|-70.7216|10.0|ISC|ISC|ISC|606913309|mb|5.1|NEIC|NEAR COAST OF NORTHERN CHILE
4597330|2014-04-02 01:29:42|-20.0411|-70.8588|15.6|ISC|ISC|ISC|604395809|mb|5.1|NEIC|NEAR COAST OF NORTHERN CHILE
4597352|2014-04-02 04:19:48|-19.8555|-70.9847|15.5|ISC|ISC|ISC|609948246|mb|5.1|NEIC|NEAR COAST OF NORTHERN CHILE
4597377|2014-04-02 11:11:34|-19.9633|-70.9901|17.8|ISC|ISC|ISC|604396223|mb|5.1|NEIC|NEAR COAST OF NORTHERN CHILE
4597385|2014-04-02 13:00:58|-19.7844|-70.6830|24.6|ISC|ISC|ISC|604398830|mb|5.1|NEIC|NEAR COAST OF NORTHERN CHILE
4601400|2014-04-03 05:19:05|-20.5229|-70.5511|27.2|ISC|ISC|ISC|606913540|mb|5.1|NEIC|NEAR COAST OF NORTHERN CHILE
4597459|2014-04-03 09:47:55|-20.5640|-70.9878|5.5|ISC|ISC|ISC|610240168|mb|5.1|NEIC|NEAR COAST OF NORTHERN CHILE
4597462|2014-04-03 11:41:36|-20.2373|-71.0260|6.6|ISC|ISC|ISC|604400922|mb|5.1|NEIC|OFF COAST OF NORTHERN CHILE
4597491|2014-04-03 18:56:13|-20.3825|-70.8465|14.1|ISC|ISC|ISC|604425781|mb|5.1|NEIC|NEAR COAST OF NORTHERN CHILE
4597553|2014-04-04 18:07:34|-20.0333|-70.8215|23.5|ISC|ISC|ISC|604426152|mb|5.1|NEIC|NEAR COAST OF NORTHERN CHILE
4597572|2014-04-05 00:33:57|-20.1414|-70.5203|28.4|ISC|ISC|ISC|604440637|MW|5.1|GCMT|NEAR COAST OF NORTHERN CHILE
4597587|2014-04-05 04:05:02|-20.7133|-70.7007|22.7|ISC|ISC|ISC|609948419|MW|5.1|GCMT|NEAR COAST OF NORTHERN CHILE
4597718|2014-04-07 14:03:43|-20.1296|-70.8560|9.8|ISC|ISC|ISC|604446879|mb|5.1|NEIC|NEAR COAST OF NORTHERN CHILE
4598315|2014-04-10 17:49:12|-20.0031|-70.9790|23.3|ISC|ISC|ISC|604451348|MW|5.1|GCMT|NEAR COAST OF NORTHERN CHILE
4598799|2014-04-15 16:21:17|-20.1923|-70.7380|18.4|ISC|ISC|ISC|609948680|MW|5.1|GCMT|NEAR COAST OF NORTHERN CHILE
4598818|2014-04-15 18:59:40|-20.1306|-70.8394|19.5|ISC|ISC|ISC|609948684|MW|5.1|GCMT|NEAR COAST OF NORTHERN CHILE
4600676|2014-05-01 16:45:22|-19.9734|-71.1033|6.6|ISC|ISC|ISC|604507523|MW|5.1|GCMT|OFF COAST OF NORTHERN CHILE
4600897|2014-05-04 04:46:46|-20.0025|-70.9654|11.7|ISC|ISC|ISC|609949031|MW|5.1|GCMT|NEAR COAST OF NORTHERN CHILE
4639378|2014-05-21 09:00:53|-30.4468|-71.3618|40.9|ISC|ISC|ISC|604650838|MW|5.1|GCMT|NEAR COAST OF CENTRAL CHILE
4640335|2014-05-30 11:41:38|-21.2854|-69.9959|58.8|ISC|ISC|ISC|604662883|MW|5.1|GCMT|NORTHERN CHILE
10289023|2014-06-04 17:04:26|-20.6644|-70.8032|8.3|ISC|ISC|ISC|604699557|MW|5.1|GCMT|NEAR COAST OF NORTHERN CHILE
4723621|2014-07-01 14:22:07|-33.8999|-72.5294|3.9|ISC|ISC|ISC|604772931|mb|5.1|NEIC|OFF COAST OF CENTRAL CHILE
4725536|2014-07-21 00:21:27|-20.1414|-70.5873|25.6|NEIC|ISC|ISC|604852075|MW|5.1|GCMT|NEAR COAST OF NORTHERN CHILE
4811433|2014-10-14 09:16:43|-33.6762|-72.0722|22.1|ISC|ISC|ISC|605541746|mb|5.1|ISC|OFF COAST OF CENTRAL CHILE
4815907|2014-11-22 06:50:55|-20.0458|-71.0528|21.7|ISC|ISC|ISC|610574036|MW|5.1|GCMT|OFF COAST OF NORTHERN CHILE
4816855|2014-12-03 09:38:36|-22.5898|-70.3062|55.8|NEIC|ISC|ISC|606176833|MW|5.1|GCMT|NEAR COAST OF NORTHERN CHILE
4895620|2015-01-20 17:34:43|-23.3934|-70.7879|31.8|ISC|ISC|ISC|606589318|MW|5.1|GCMT|NEAR COAST OF NORTHERN CHILE
5075152|2015-03-14 16:03:46|-27.7737|-71.0423|33.3|ISC|ISC|ISC|606831117|mb|5.1|ISC|NEAR COAST OF NORTHERN CHILE
5076057|2015-03-24 22:46:52|-20.6535|-70.7544|20.6|ISC|ISC|ISC|610587075|MW|5.1|GCMT|NEAR COAST OF NORTHERN CHILE
5148962|2015-06-02 10:32:46|-33.9106|-72.4224|20.5|ISC|ISC|ISC|607277236|MW|5.1|GCMT|OFF COAST OF CENTRAL CHILE
5162722|2015-09-16 23:31:32|-31.0731|-71.6913|23.6|us|NEIC PDE|us|us10003itg|mb|5.1|us|NEAR COAST OF CENTRAL CHILE
5161441|2015-09-16 23:33:41|-31.3748|-71.8137|27.5|us|NEIC PDE|us|us10003iu8|mb|5.1|us|NEAR COAST OF CENTRAL CHILE
5162724|2015-09-16 23:42:44|-31.0485|-71.4853|17.2|us|NEIC PDE|us|us10003iu6|mb|5.1|us|NEAR COAST OF CENTRAL CHILE
5159033|2015-09-17 00:06:17|-30.8817|-71.6993|21.7|us|NEIC PDE|us|us20003k8w|mb|5.1|us|NEAR COAST OF CENTRAL CHILE
5159038|2015-09-17 00:43:14|-31.0870|-71.7617|11.6|us|NEIC PDE|us|us10003j7p|mb|5.1|us|NEAR COAST OF CENTRAL CHILE
5168601|2015-09-17 01:22:11|-30.4625|-72.0944|35.0|us|NEIC PDE|us|us10003j7z|mb|5.1|us|OFF COAST OF CENTRAL CHILE
5162841|2015-09-17 01:39:21|-31.5748|-71.7993|32.7|us|NEIC PDE|us|us10003j83|mb|5.1|us|NEAR COAST OF CENTRAL CHILE
5163443|2015-09-17 04:05:04|-31.4711|-71.7377|18.0|us|NEIC PDE|us|us10003j4e|mb|5.1|us|NEAR COAST OF CENTRAL CHILE
5159068|2015-09-17 04:32:11|-30.9660|-72.1317|4.8|us|NEIC PDE|us|us20003kgq|mb|5.1|us|OFF COAST OF CENTRAL CHILE
5159082|2015-09-17 06:36:34|-18.5448|-69.1608|10.7|us|NEIC PDE|us|us20003kic|mwr|5.1|us|NORTHERN CHILE
5159191|2015-09-17 23:55:00|-31.8294|-72.3019|10.0|guc|NEIC PDE|us|us20003l0y|mwr|5.1|guc|OFF COAST OF CENTRAL CHILE
5159410|2015-09-20 06:07:01|-31.6769|-72.1565|13.1|us|NEIC PDE|us|us20003m40|mww|5.1|us|OFF COAST OF CENTRAL CHILE
5159428|2015-09-20 09:02:32|-30.2379|-72.2743|8.6|guc|NEIC PDE|us|us20003m5c|mwr|5.1|guc|OFF COAST OF CENTRAL CHILE
5160870|2015-10-03 11:21:01|-29.8205|-71.7255|28.5|us|NEIC PDE|us|us10003k08|mww|5.1|us|NEAR COAST OF CENTRAL CHILE
5166369|2015-11-11 02:01:05|-29.5598|-72.1101|10.0|us|NEIC PDE|us|us100041dt|mb|5.1|us|OFF COAST OF CENTRAL CHILE
5164809|2015-11-11 02:23:39|-29.4658|-71.9288|10.0|us|NEIC PDE|us|us10003x94|mb|5.1|us|NEAR COAST OF CENTRAL CHILE
5164813|2015-11-11 03:07:49|-29.5259|-72.1018|10.0|us|NEIC PDE|us|us10003x9t|mb|5.1|us|OFF COAST OF CENTRAL CHILE
5173914|2016-02-10 01:14:06|-30.6760|-71.6542|33.8|us|NEIC PDE|us|us20004z6p|Mwr|5.1|guc|NEAR COAST OF CENTRAL CHILE
5177034|2016-03-12 16:05:15|-30.2495|-71.6502|36.8|us|NEIC PDE||us10004x18|mww|5.1|us|NEAR COAST OF CENTRAL CHILE
5183446|2016-05-22 11:47:09|-30.6111|-71.6884|25.8|us|NEIC PDE|us|us10005j7v|Mww|5.1|us|NEAR COAST OF CENTRAL CHILE
9367403|2016-06-22 03:54:40|-30.6352|-71.6921|26.0|us|NEIC PDE||us200065x1|mww|5.1|us|NEAR COAST OF CENTRAL CHILE
5187031|2016-07-05 02:29:03|-20.1900|-70.9463|11.1|us|NEIC PDE||us10005zyk|mww|5.1|us|NEAR COAST OF NORTHERN CHILE
5190646|2016-08-16 18:17:32|-19.7557|-71.0943|18.3|us|NEIC PDE||us10006e6x|mwr|5.1|us|OFF COAST OF NORTHERN CHILE
9997741|2017-02-03 00:52:26|-33.1005|-69.7345|10.0|us|NEIC PDE|us|us20008h9r|Mwr|5.1|us|CHILE-ARGENTINA BORDER REGION
10040235|2017-03-13 15:05:55|-30.4330|-71.4005|45.9|us|NEIC PDE|us|us100088n2|Mww|5.1|us|NEAR COAST OF CENTRAL CHILE
10101317|2017-04-27 05:09:23|-33.2692|-71.9490|24.0|us|NEIC PDE|us|us10008l82|Mww|5.1|us|NEAR COAST OF CENTRAL CHILE
10117561|2017-04-28 15:49:41|-33.2393|-72.0794|10.0|us|NEIC PDE|us|us10008llp|Mww|5.1|us|OFF COAST OF CENTRAL CHILE
10117940|2017-04-29 01:46:02|-33.2101|-71.9596|18.3|us|NEIC PDE|us|us10008lwz|Mww|5.1|us|NEAR COAST OF CENTRAL CHILE
10230473|2017-06-26 14:44:51|-30.6642|-71.3624|53.2|us|NEIC PDE|us|us20009pqf|Mww|5.1|us|NEAR COAST OF CENTRAL CHILE
10392984|2017-08-15 19:03:21|-30.0116|-72.1788|6.2|us|NEIC PDE|us|us2000a8iw|Mww|5.1|us|OFF COAST OF CENTRAL CHILE
10400540|2017-09-04 21:55:19|-19.2624|-70.0039|62.0|us|NEIC PDE|us|us2000afnk|Mwr|5.1|us|NEAR COAST OF NORTHERN CHILE
10640519|2018-02-07 12:36:18|-29.2453|-72.5897|10.0|us|NEIC PDE|us|us1000ci7u|Mww|5.1|us|OFF COAST OF CENTRAL CHILE
10946361|2018-09-10 08:24:11|-28.7518|-71.8113|10.0|us|NEIC PDE|us|us2000hbtu|Mww|5.1|us|NEAR COAST OF CENTRAL CHILE
10998943|2019-01-24 10:28:29|-30.1058|-71.2779|65.4|us|NEIC PDE|us|us2000j86l|mb|5.1|us|NEAR COAST OF CENTRAL CHILE
11109629|2019-09-01 21:32:16|-18.5789|-71.0326|35.0|us|NEIC PDE|us|us70005b1n|Mww|5.1|us|OFF COAST OF NORTHERN CHILE
11140917|2019-11-04 13:03:39|-21.4087|-70.4875|31.0|us|NEIC PDE|us|us700062vm|Mww|5.1|us|NEAR COAST OF NORTHERN CHILE
11150699|2019-11-26 09:31:45|-28.4583|-71.6379|23.2|us|NEIC PDE|us|us70006d4n|mb|5.1|us|NEAR COAST OF CENTRAL CHILE
11225932|2020-05-06 15:43:12|-19.3548|-70.4824|63.5|us|NEIC PDE|us|us70009b5z|Mwr|5.1|guc|NEAR COAST OF NORTHERN CHILE
11263711|2020-07-02 12:35:45|-34.1228|-72.2431|10.0|us|NEIC PDE|us|us7000agmd|mb|5.1|us|NEAR COAST OF CENTRAL CHILE
11310390|2020-09-01 04:20:46|-27.9529|-71.1656|21.6|us|NEIC PDE|us|us7000bhty|mb|5.1|us|NEAR COAST OF NORTHERN CHILE
11303707|2020-09-01 04:36:36|-27.9335|-71.2041|23.0|us|NEIC PDE|us|us7000bfk7|Mwr|5.1|us|NEAR COAST OF NORTHERN CHILE
11365811|2021-01-16 03:53:36|-31.0364|-71.3838|59.1|us.usauto|NEIC PDE|us|us7000d0k5.usauto7000d0k5|mww|5.1|us|NEAR COAST OF CENTRAL CHILE
4373329|2014-02-05 11:51:04|-21.4015|-69.5332|35.5|ISC|ISC|ISC|604036058|MW|5.0|GCMT|NORTHERN CHILE
4373825|2014-02-17 00:34:33|-31.6860|-71.9428|23.1|ISC|ISC|ISC|604050151|MW|5.0|GCMT|NEAR COAST OF CENTRAL CHILE
8350154|2014-03-16 21:26:24|-19.9465|-70.7122|17.8|ISC|ISC|ISC|604162228|mb|5.0|NEIC|NEAR COAST OF NORTHERN CHILE
4488899|2014-03-17 05:19:33|-19.9729|-70.8828|8.5|ISC|ISC|ISC|604162383|mb|5.0|NEIC|NEAR COAST OF NORTHERN CHILE
4488910|2014-03-17 11:12:17|-19.9372|-70.8517|26.1|ISC|ISC|ISC|604163364|MW|5.0|GCMT|NEAR COAST OF NORTHERN CHILE
4489299|2014-03-24 15:33:52|-25.2598|-70.7378|32.8|ISC|ISC|ISC|604273278|mb|5.0|NEIC|NEAR COAST OF NORTHERN CHILE
8354367|2014-04-01 23:57:28|-20.0847|-70.7469|5.3|ISC|ISC|ISC|608051988|mb|5.0|NEIC|NEAR COAST OF NORTHERN CHILE
10166044|2014-04-02 00:35:10|-19.6764|-70.4165|0.0|IDC|ISC|ISC|606913319|mb|5.0|IDC|NEAR COAST OF NORTHERN CHILE
4597362|2014-04-02 05:51:01|-19.9386|-70.9729|16.8|ISC|ISC|ISC|609948258|mb|5.0|NEIC|NEAR COAST OF NORTHERN CHILE
4597363|2014-04-02 06:04:10|-19.8723|-70.8525|10.0|ISC|ISC|ISC|604395833|mb|5.0|NEIC|NEAR COAST OF NORTHERN CHILE
4597367|2014-04-02 07:03:43|-20.1534|-70.1793|31.2|ISC|ISC|ISC|604395838|mb|5.0|NEIC|NEAR COAST OF NORTHERN CHILE
4639134|2014-04-03 02:59:52|-20.5550|-70.4615|27.4|ISC|ISC|ISC|606913526|mb|5.0|NEIC|NEAR COAST OF NORTHERN CHILE
4597444|2014-04-03 05:34:29|-20.4446|-70.6516|9.3|ISC|ISC|ISC|604426131|mb|5.0|NEIC|NEAR COAST OF NORTHERN CHILE
4597449|2014-04-03 06:54:31|-20.6363|-70.6548|19.6|ISC|ISC|ISC|604399535|mb|5.0|NEIC|NEAR COAST OF NORTHERN CHILE
4597455|2014-04-03 09:08:57|-20.2273|-70.5353|24.3|ISC|ISC|ISC|604400912|mb|5.0|NEIC|NEAR COAST OF NORTHERN CHILE
4599665|2014-04-03 14:52:19|-20.4909|-70.8549|21.2|ISC|ISC|ISC|604401107|mb|5.0|NEIC|NEAR COAST OF NORTHERN CHILE
4597535|2014-04-04 09:53:24|-20.6399|-70.7682|11.4|ISC|ISC|ISC|610240550|mb|5.0|NEIC|NEAR COAST OF NORTHERN CHILE
4597545|2014-04-04 15:20:59|-19.9117|-70.8664|7.6|ISC|ISC|ISC|609948385|MW|5.0|GCMT|NEAR COAST OF NORTHERN CHILE
4597588|2014-04-05 04:08:52|-20.6248|-70.7641|15.9|ISC|ISC|ISC|604441519|mb|5.0|NEIC|NEAR COAST OF NORTHERN CHILE
4597610|2014-04-05 14:04:50|-20.3576|-70.8552|12.4|ISC|ISC|ISC|604441534|MW|5.0|GCMT|NEAR COAST OF NORTHERN CHILE
4597763|2014-04-08 05:20:22|-19.8853|-70.8260|26.6|ISC|ISC|ISC|604447891|MW|5.0|GCMT|NEAR COAST OF NORTHERN CHILE
4597808|2014-04-09 04:32:56|-19.9478|-70.9458|17.2|ISC|ISC|ISC|609948516|MW|5.0|GCMT|NEAR COAST OF NORTHERN CHILE
4598347|2014-04-11 01:08:01|-33.4190|-72.1881|12.0|ISC|ISC|ISC|604451437|mb|5.0|NEIC|OFF COAST OF CENTRAL CHILE
4598397|2014-04-11 12:00:51|-20.0471|-70.5550|20.7|ISC|ISC|ISC|604452207|Mww|5.0|NEIC|NEAR COAST OF NORTHERN CHILE
4598808|2014-04-15 17:12:20|-20.1931|-70.8105|21.9|ISC|ISC|ISC|604457971|MW|5.0|GCMT|NEAR COAST OF NORTHERN CHILE
4598845|2014-04-16 03:14:11|-20.1809|-70.8742|14.0|ISC|ISC|ISC|609948696|MW|5.0|GCMT|NEAR COAST OF NORTHERN CHILE
4599282|2014-04-20 07:54:56|-19.8974|-70.9973|21.3|ISC|ISC|ISC|604478269|mb|5.0|NEIC|NEAR COAST OF NORTHERN CHILE
4600341|2014-04-28 04:59:35|-19.5304|-70.4066|31.8|ISC|ISC|ISC|604514563|mb|5.0|NEIC|NEAR COAST OF NORTHERN CHILE
4640382|2014-05-30 22:06:19|-33.5304|-72.1931|22.4|ISC|ISC|ISC|604663353|MW|5.0|GCMT|OFF COAST OF CENTRAL CHILE
4725279|2014-07-18 05:24:10|-20.1536|-70.8707|14.8|NEIC|ISC|ISC|604850258|MW|5.0|GCMT|NEAR COAST OF NORTHERN CHILE
4726107|2014-07-26 07:31:44|-30.3514|-72.2762|11.8|NEIC|ISC|ISC|605099377|MW|5.0|GCMT|OFF COAST OF CENTRAL CHILE
10381807|2014-08-28 06:37:33|-27.2720|-74.4960|10.0|VAO|ISC|ISC|610642441|mb|5.0|VAO|OFF COAST OF NORTHERN CHILE
4769472|2014-09-04 09:26:51|-20.6790|-70.3848|28.1|ISC|ISC|ISC|605193203|MW|5.0|GCMT|NEAR COAST OF NORTHERN CHILE
4812534|2014-10-25 17:05:16|-33.9720|-72.2506|13.5|ISC|ISC|ISC|605617597|MW|5.0|GCMT|OFF COAST OF CENTRAL CHILE
4813612|2014-11-04 22:31:36|-19.9273|-70.9223|24.3|ISC|ISC|ISC|610573548|MW|5.0|GCMT|NEAR COAST OF NORTHERN CHILE
4820910|2015-01-09 18:59:32|-34.1107|-72.3340|15.1|ISC|ISC|ISC|610575191|mb|5.0|NEIC|NEAR COAST OF CENTRAL CHILE
5007185|2015-03-01 15:48:17|-27.2098|-71.4224|2.1|ISC|ISC|ISC|610586529|MW|5.0|GCMT|NEAR COAST OF NORTHERN CHILE
10661949|2015-03-18 05:39:15|-18.4235|-71.3568|18.6|ISC|ISC|ISC|606843617|MW|5.0|GCMT|OFF COAST OF NORTHERN CHILE
5114692|2015-05-23 13:09:44|-20.1209|-70.7815|16.2|ISC|ISC|ISC|610634766|MW|5.0|GCMT|NEAR COAST OF NORTHERN CHILE
5148792|2015-05-31 16:08:28|-19.8711|-70.8793|23.9|ISC|ISC|ISC|610634941|MW|5.0|GCMT|NEAR COAST OF NORTHERN CHILE
5158898|2015-09-15 21:21:20|-20.0288|-70.8032|9.8|us|NEIC PDE|us|us20003jtk|mww|5.0|us|NEAR COAST OF NORTHERN CHILE
5162612|2015-09-16 23:48:21|-31.4251|-71.8108|10.0|us|NEIC PDE|us|us10003itd|mb|5.0|us|NEAR COAST OF CENTRAL CHILE
5162907|2015-09-17 00:00:14|-31.7219|-72.0159|10.0|us|NEIC PDE|us|us10003j3w|mb|5.0|us|OFF COAST OF CENTRAL CHILE
5160840|2015-09-17 00:01:18|-31.7494|-72.1254|10.0|us|NEIC PDE|us|us20003kah|mb|5.0|us|OFF COAST OF CENTRAL CHILE
5162922|2015-09-17 00:34:17|-31.4180|-71.8766|12.1|us|NEIC PDE|us|us10003j3s|mb|5.0|us|NEAR COAST OF CENTRAL CHILE
8499098|2015-09-17 00:42:54|-30.9073|-71.7026|20.5|us|NEIC PDE|us|us20003kag|mb|5.0|us|NEAR COAST OF CENTRAL CHILE
5159039|2015-09-17 00:50:12|-31.6674|-72.2394|10.0|us|NEIC PDE|us|us10003j4b|mb|5.0|us|OFF COAST OF CENTRAL CHILE
5163115|2015-09-17 01:46:25|-31.9080|-72.0799|10.0|us|NEIC PDE|us|us10003j84|mb|5.0|us|OFF COAST OF CENTRAL CHILE
5163133|2015-09-17 02:21:05|-31.9820|-72.8506|10.0|us|NEIC PDE|us|us10003rd9|mb|5.0|us|OFF COAST OF CENTRAL CHILE
5159098|2015-09-17 04:08:26|-30.8130|-71.6796|29.2|us|NEIC PDE|us|us20003kgd|mb|5.0|us|NEAR COAST OF CENTRAL CHILE
5159160|2015-09-17 20:24:35|-32.3271|-71.9254|16.4|guc|NEIC PDE|us|us20003kx6|mwr|5.0|guc|NEAR COAST OF CENTRAL CHILE
5159227|2015-09-18 04:24:02|-31.3611|-72.0302|5.7|us|NEIC PDE|us|us20003l3e|mww|5.0|us|OFF COAST OF CENTRAL CHILE
5159306|2015-09-19 04:33:48|-30.3796|-72.7513|10.0|us|NEIC PDE|us|us20003lpz|mb|5.0|us|OFF COAST OF CENTRAL CHILE
5159396|2015-09-20 03:02:02|-30.8468|-71.4623|45.5|us|NEIC PDE|us|us20003m30|mwr|5.0|us|NEAR COAST OF CENTRAL CHILE
5159465|2015-09-20 17:18:28|-30.6249|-71.6818|35.0|guc|NEIC PDE|us|us20003m80|mwr|5.0|guc|NEAR COAST OF CENTRAL CHILE
5159728|2015-09-23 11:32:40|-31.6191|-71.9505|10.0|us|NEIC PDE|us|us20003nam|mww|5.0|us|NEAR COAST OF CENTRAL CHILE
5160107|2015-09-26 03:03:20|-30.7349|-71.5729|29.0|us|NEIC PDE|us|us20003p9z|mb|5.0|us|NEAR COAST OF CENTRAL CHILE
5160970|2015-10-04 10:11:56|-30.6560|-71.6270|29.9|us|NEIC PDE|guc|us10003k6h|mww|5.0|us|NEAR COAST OF CENTRAL CHILE
5161718|2015-10-12 03:31:32|-31.1866|-71.8325|19.7|guc|NEIC PDE|us|us10003mxb|mwr|5.0|guc|NEAR COAST OF CENTRAL CHILE
5162538|2015-10-20 10:06:14|-30.7867|-71.4045|46.0|us|NEIC PDE|us|us10003pvh|mww|5.0|us|NEAR COAST OF CENTRAL CHILE
5163012|2015-10-24 21:24:45|-31.4420|-71.4883|39.9|us|NEIC PDE|us|us10003r82|mww|5.0|us|NEAR COAST OF CENTRAL CHILE
5166164|2015-11-24 09:14:15|-31.8014|-72.1266|10.1|us|NEIC PDE|us|us100040mw|mww|5.0|us|OFF COAST OF CENTRAL CHILE
5169365|2015-12-26 17:58:08|-31.7499|-72.1791|11.7|us|NEIC PDE|us|us100049py|mww|5.0|us|OFF COAST OF CENTRAL CHILE
5171478|2016-01-17 17:05:38|-26.4372|-70.8561|36.9|us|NEIC PDE|us|us10004f80|mb|5.0|us|NEAR COAST OF NORTHERN CHILE
5173402|2016-02-04 17:55:00|-31.0533|-71.7056|26.3|us|NEIC PDE|us|us20004x4m|mb|5.0|us|NEAR COAST OF CENTRAL CHILE
5173461|2016-02-05 05:24:40|-31.0740|-71.7623|25.9|us|NEIC PDE|us|us20004xzv|mb|5.0|us|NEAR COAST OF CENTRAL CHILE
5173905|2016-02-10 00:47:09|-30.5812|-71.6663|28.8|us|NEIC PDE|us|us20004z5r|mb|5.0|us|NEAR COAST OF CENTRAL CHILE
5186468|2016-06-27 12:51:13|-31.7806|-71.4198|45.7|us|NEIC PDE||us2000676p|mww|5.0|us|NEAR COAST OF CENTRAL CHILE
5188228|2016-07-18 08:59:43|-30.3561|-71.8616|35.0|us|NEIC PDE||us20006fhz|mwr|5.0|us|NEAR COAST OF CENTRAL CHILE
5190003|2016-08-08 12:24:32|-31.5865|-71.6537|30.0|us|NEIC PDE||us10006c1k|mwr|5.0|us|NEAR COAST OF CENTRAL CHILE
5196267|2016-10-25 07:18:20|-26.7023|-71.0700|10.0|us|NEIC PDE|us|us20007gk0|Mww|5.0|us|OFF COAST OF NORTHERN CHILE
9946596|2016-12-16 23:11:43|-30.4412|-71.5872|36.2|us|NEIC PDE|us|us200081rv|Mwr|5.0|us|NEAR COAST OF CENTRAL CHILE
9992833|2017-01-19 12:01:51|-30.8353|-71.5487|35.2|us|NEIC PDE|us|us10007u35|mb|5.0|us|NEAR COAST OF CENTRAL CHILE
10004293|2017-02-26 08:59:16|-28.9219|-71.4883|31.9|us|NEIC PDE|us|us20008mhp|Mwr|5.0|us|NEAR COAST OF CENTRAL CHILE
10100479|2017-04-24 21:58:31|-33.1519|-72.0248|17.8|us|NEIC PDE|us|us10008kcn|mb|5.0|us|OFF COAST OF CENTRAL CHILE
10118181|2017-04-30 09:36:01|-19.9967|-70.9456|10.9|us|NEIC PDE|us|us10008m6e|Mww|5.0|us|NEAR COAST OF NORTHERN CHILE
10279787|2017-07-26 10:11:01|-24.0109|-69.5353|69.6|us|NEIC PDE|us|us2000a188|Mww|5.0|us|NORTHERN CHILE
10645094|2018-02-20 09:38:59|-25.3148|-70.5873|40.8|us|NEIC PDE|us|us2000d59b|Mww|5.0|us|NEAR COAST OF NORTHERN CHILE
10949845|2018-09-19 18:42:21|-19.5404|-70.3888|62.6|us|NEIC PDE|us|us2000hh8t|Mww|5.0|us|NEAR COAST OF NORTHERN CHILE
11048660|2019-06-13 22:50:10|-30.4312|-71.4478|35.0|us|NEIC PDE|us|us600040ir|Mww|5.0|us|NEAR COAST OF CENTRAL CHILE
11098292|2019-08-15 14:23:41|-29.9127|-72.0228|14.3|us|NEIC PDE|us|us600055ei|mb|5.0|us|OFF COAST OF CENTRAL CHILE
11164834|2020-01-01 16:51:32|-30.2857|-71.5582|40.9|us|NEIC PDE|us|us70006t6h|Mwr|5.0|us|NEAR COAST OF CENTRAL CHILE
11184035|2020-02-13 05:50:38|-20.9534|-70.7874|10.0|us|NEIC PDE|us|us70007p6w|Mww|5.0|us|NEAR COAST OF NORTHERN CHILE
11201836|2020-03-24 06:52:15|-30.6016|-71.9667|10.0|us|NEIC PDE|us|us70008ez4|Mww|5.0|us|NEAR COAST OF CENTRAL CHILE
11303730|2020-09-01 06:29:23|-27.9554|-71.2263|22.0|us|NEIC PDE|us|us7000bfmb|mb|5.0|us|NEAR COAST OF NORTHERN CHILE
11303894|2020-09-01 17:13:22|-27.8784|-71.3901|16.3|us|NEIC PDE|us|us7000bfxk|Mww|5.0|us|NEAR COAST OF NORTHERN CHILE
11349845|2020-12-08 07:07:20|-32.0608|-71.5345|48.4|us|NEIC PDE|us|us7000cp39|Mww|5.0|us|NEAR COAST OF CENTRAL CHILE
11376018|2021-02-10 20:18:29|-31.7558|-71.3442|48.0|us|NEIC PDE|us|us6000dgd0|Mwr|5.0|guc|NEAR COAST OF CENTRAL CHILE
